[{"model": "testsuite.test", "pk": 1, "fields": {"topic": null, "title": "Math test", "description": "", "level": 2, "image": "covers/16-167695_math-clipart-notebook-clip-art-vector-image-first.png"}}, {"model": "testsuite.question", "pk": 1, "fields": {"test": 1, "number": 1, "text": "2+2", "description": ""}}, {"model": "testsuite.question", "pk": 2, "fields": {"test": 1, "number": 2, "text": "3*3", "description": ""}}, {"model": "testsuite.question", "pk": 3, "fields": {"test": 1, "number": 3, "text": "log(0)", "description": ""}}, {"model": "testsuite.question", "pk": 4, "fields": {"test": 1, "number": 4, "text": "+inf + -inf", "description": ""}}, {"model": "testsuite.variant", "pk": 1, "fields": {"text": "3.14", "question": 1, "is_correct": false}}, {"model": "testsuite.variant", "pk": 2, "fields": {"text": "5", "question": 1, "is_correct": false}}, {"model": "testsuite.variant", "pk": 3, "fields": {"text": "4", "question": 1, "is_correct": true}}, {"model": "testsuite.variant", "pk": 4, "fields": {"text": "a lot of", "question": 1, "is_correct": false}}, {"model": "testsuite.variant", "pk": 5, "fields": {"text": "5", "question": 2, "is_correct": false}}, {"model": "testsuite.variant", "pk": 6, "fields": {"text": "9", "question": 2, "is_correct": true}}, {"model": "testsuite.variant", "pk": 7, "fields": {"text": "17", "question": 2, "is_correct": false}}, {"model": "testsuite.variant", "pk": 8, "fields": {"text": "-1", "question": 2, "is_correct": false}}, {"model": "testsuite.variant", "pk": 9, "fields": {"text": "-1", "question": 3, "is_correct": false}}, {"model": "testsuite.variant", "pk": 10, "fields": {"text": "mistake", "question": 3, "is_correct": false}}, {"model": "testsuite.variant", "pk": 11, "fields": {"text": "0", "question": 3, "is_correct": true}}, {"model": "testsuite.variant", "pk": 12, "fields": {"text": "0", "question": 4, "is_correct": false}}, {"model": "testsuite.variant", "pk": 13, "fields": {"text": "mistake", "question": 4, "is_correct": false}}, {"model": "testsuite.variant", "pk": 14, "fields": {"text": "inf", "question": 4, "is_correct": true}}, {"model": "testsuite.variant", "pk": 15, "fields": {"text": "-1", "question": 4, "is_correct": false}}, {"model": "testsuite.testresult", "pk": 37, "fields": {"user": 1, "test": 1, "datetime_run": "2020-07-01T10:26:06.659Z", "is_completed": true, "is_new": false, "avr_score": "4.00"}}, {"model": "testsuite.testresult", "pk": 38, "fields": {"user": 1, "test": 1, "datetime_run": "2020-07-01T10:33:19.623Z", "is_completed": true, "is_new": false, "avr_score": "3.50"}}, {"model": "testsuite.testresult", "pk": 39, "fields": {"user": 1, "test": 1, "datetime_run": "2020-07-01T11:40:23.639Z", "is_completed": true, "is_new": false, "avr_score": "4.00"}}, {"model": "testsuite.testresult", "pk": 40, "fields": {"user": 2, "test": 1, "datetime_run": "2020-07-01T11:44:33.787Z", "is_completed": true, "is_new": false, "avr_score": "2.83"}}, {"model": "testsuite.testresult", "pk": 41, "fields": {"user": 2, "test": 1, "datetime_run": "2020-07-01T12:04:08.490Z", "is_completed": true, "is_new": false, "avr_score": "4.00"}}, {"model": "testsuite.testresult", "pk": 42, "fields": {"user": 1, "test": 1, "datetime_run": "2020-07-05T19:51:52.453Z", "is_completed": true, "is_new": false, "avr_score": "3.50"}}, {"model": "testsuite.testresult", "pk": 43, "fields": {"user": 1, "test": 1, "datetime_run": "2020-07-06T08:26:20.285Z", "is_completed": true, "is_new": false, "avr_score": "4.00"}}, {"model": "testsuite.testresult", "pk": 44, "fields": {"user": 1, "test": 1, "datetime_run": "2020-07-06T09:09:31.180Z", "is_completed": true, "is_new": false, "avr_score": "3.33"}}, {"model": "testsuite.testresult", "pk": 45, "fields": {"user": 1, "test": 1, "datetime_run": "2020-07-06T09:14:58.412Z", "is_completed": true, "is_new": false, "avr_score": "3.33"}}, {"model": "testsuite.testresult", "pk": 46, "fields": {"user": 2, "test": 1, "datetime_run": "2020-07-06T09:34:28.882Z", "is_completed": true, "is_new": false, "avr_score": "3.00"}}, {"model": "testsuite.testresult", "pk": 47, "fields": {"user": 2, "test": 1, "datetime_run": "2020-07-06T11:30:27.130Z", "is_completed": true, "is_new": false, "avr_score": "3.50"}}, {"model": "testsuite.testresult", "pk": 48, "fields": {"user": 2, "test": 1, "datetime_run": "2020-07-06T11:51:39.170Z", "is_completed": true, "is_new": false, "avr_score": "4.00"}}, {"model": "testsuite.testresult", "pk": 49, "fields": {"user": 1, "test": 1, "datetime_run": "2020-07-06T12:19:32.948Z", "is_completed": true, "is_new": false, "avr_score": "3.50"}}, {"model": "testsuite.testresultdetail", "pk": 217, "fields": {"test_result": 37, "question": 1, "variant": 1, "is_correct": true}}, {"model": "testsuite.testresultdetail", "pk": 218, "fields": {"test_result": 37, "question": 1, "variant": 2, "is_correct": true}}, {"model": "testsuite.testresultdetail", "pk": 219, "fields": {"test_result": 37, "question": 1, "variant": 3, "is_correct": true}}, {"model": "testsuite.testresultdetail", "pk": 220, "fields": {"test_result": 37, "question": 1, "variant": 4, "is_correct": true}}, {"model": "testsuite.testresultdetail", "pk": 221, "fields": {"test_result": 37, "question": 2, "variant": 5, "is_correct": true}}, {"model": "testsuite.testresultdetail", "pk": 222, "fields": {"test_result": 37, "question": 2, "variant": 6, "is_correct": true}}, {"model": "testsuite.testresultdetail", "pk": 223, "fields": {"test_result": 37, "question": 2, "variant": 7, "is_correct": true}}, {"model": "testsuite.testresultdetail", "pk": 224, "fields": {"test_result": 37, "question": 2, "variant": 8, "is_correct": true}}, {"model": "testsuite.testresultdetail", "pk": 225, "fields": {"test_result": 37, "question": 3, "variant": 9, "is_correct": true}}, {"model": "testsuite.testresultdetail", "pk": 226, "fields": {"test_result": 37, "question": 3, "variant": 10, "is_correct": true}}, {"model": "testsuite.testresultdetail", "pk": 227, "fields": {"test_result": 37, "question": 3, "variant": 11, "is_correct": true}}, {"model": "testsuite.testresultdetail", "pk": 228, "fields": {"test_result": 37, "question": 4, "variant": 12, "is_correct": true}}, {"model": "testsuite.testresultdetail", "pk": 229, "fields": {"test_result": 37, "question": 4, "variant": 13, "is_correct": true}}, {"model": "testsuite.testresultdetail", "pk": 230, "fields": {"test_result": 37, "question": 4, "variant": 14, "is_correct": true}}, {"model": "testsuite.testresultdetail", "pk": 231, "fields": {"test_result": 37, "question": 4, "variant": 15, "is_correct": true}}, {"model": "testsuite.testresultdetail", "pk": 232, "fields": {"test_result": 38, "question": 1, "variant": 1, "is_correct": true}}, {"model": "testsuite.testresultdetail", "pk": 233, "fields": {"test_result": 38, "question": 1, "variant": 2, "is_correct": true}}, {"model": "testsuite.testresultdetail", "pk": 234, "fields": {"test_result": 38, "question": 1, "variant": 3, "is_correct": true}}, {"model": "testsuite.testresultdetail", "pk": 235, "fields": {"test_result": 38, "question": 1, "variant": 4, "is_correct": true}}, {"model": "testsuite.testresultdetail", "pk": 236, "fields": {"test_result": 38, "question": 2, "variant": 5, "is_correct": true}}, {"model": "testsuite.testresultdetail", "pk": 237, "fields": {"test_result": 38, "question": 2, "variant": 6, "is_correct": true}}, {"model": "testsuite.testresultdetail", "pk": 238, "fields": {"test_result": 38, "question": 2, "variant": 7, "is_correct": true}}, {"model": "testsuite.testresultdetail", "pk": 239, "fields": {"test_result": 38, "question": 2, "variant": 8, "is_correct": true}}, {"model": "testsuite.testresultdetail", "pk": 240, "fields": {"test_result": 38, "question": 3, "variant": 9, "is_correct": true}}, {"model": "testsuite.testresultdetail", "pk": 241, "fields": {"test_result": 38, "question": 3, "variant": 10, "is_correct": true}}, {"model": "testsuite.testresultdetail", "pk": 242, "fields": {"test_result": 38, "question": 3, "variant": 11, "is_correct": true}}, {"model": "testsuite.testresultdetail", "pk": 243, "fields": {"test_result": 38, "question": 4, "variant": 12, "is_correct": true}}, {"model": "testsuite.testresultdetail", "pk": 244, "fields": {"test_result": 38, "question": 4, "variant": 13, "is_correct": false}}, {"model": "testsuite.testresultdetail", "pk": 245, "fields": {"test_result": 38, "question": 4, "variant": 14, "is_correct": false}}, {"model": "testsuite.testresultdetail", "pk": 246, "fields": {"test_result": 38, "question": 4, "variant": 15, "is_correct": true}}, {"model": "testsuite.testresultdetail", "pk": 247, "fields": {"test_result": 39, "question": 1, "variant": 1, "is_correct": true}}, {"model": "testsuite.testresultdetail", "pk": 248, "fields": {"test_result": 39, "question": 1, "variant": 2, "is_correct": true}}, {"model": "testsuite.testresultdetail", "pk": 249, "fields": {"test_result": 39, "question": 1, "variant": 3, "is_correct": true}}, {"model": "testsuite.testresultdetail", "pk": 250, "fields": {"test_result": 39, "question": 1, "variant": 4, "is_correct": true}}, {"model": "testsuite.testresultdetail", "pk": 251, "fields": {"test_result": 39, "question": 2, "variant": 5, "is_correct": true}}, {"model": "testsuite.testresultdetail", "pk": 252, "fields": {"test_result": 39, "question": 2, "variant": 6, "is_correct": true}}, {"model": "testsuite.testresultdetail", "pk": 253, "fields": {"test_result": 39, "question": 2, "variant": 7, "is_correct": true}}, {"model": "testsuite.testresultdetail", "pk": 254, "fields": {"test_result": 39, "question": 2, "variant": 8, "is_correct": true}}, {"model": "testsuite.testresultdetail", "pk": 255, "fields": {"test_result": 39, "question": 3, "variant": 9, "is_correct": true}}, {"model": "testsuite.testresultdetail", "pk": 256, "fields": {"test_result": 39, "question": 3, "variant": 10, "is_correct": true}}, {"model": "testsuite.testresultdetail", "pk": 257, "fields": {"test_result": 39, "question": 3, "variant": 11, "is_correct": true}}, {"model": "testsuite.testresultdetail", "pk": 258, "fields": {"test_result": 39, "question": 4, "variant": 12, "is_correct": true}}, {"model": "testsuite.testresultdetail", "pk": 259, "fields": {"test_result": 39, "question": 4, "variant": 13, "is_correct": true}}, {"model": "testsuite.testresultdetail", "pk": 260, "fields": {"test_result": 39, "question": 4, "variant": 14, "is_correct": true}}, {"model": "testsuite.testresultdetail", "pk": 261, "fields": {"test_result": 39, "question": 4, "variant": 15, "is_correct": true}}, {"model": "testsuite.testresultdetail", "pk": 262, "fields": {"test_result": 40, "question": 1, "variant": 1, "is_correct": true}}, {"model": "testsuite.testresultdetail", "pk": 263, "fields": {"test_result": 40, "question": 1, "variant": 2, "is_correct": true}}, {"model": "testsuite.testresultdetail", "pk": 264, "fields": {"test_result": 40, "question": 1, "variant": 3, "is_correct": true}}, {"model": "testsuite.testresultdetail", "pk": 265, "fields": {"test_result": 40, "question": 1, "variant": 4, "is_correct": true}}, {"model": "testsuite.testresultdetail", "pk": 266, "fields": {"test_result": 40, "question": 2, "variant": 5, "is_correct": true}}, {"model": "testsuite.testresultdetail", "pk": 267, "fields": {"test_result": 40, "question": 2, "variant": 6, "is_correct": true}}, {"model": "testsuite.testresultdetail", "pk": 268, "fields": {"test_result": 40, "question": 2, "variant": 7, "is_correct": true}}, {"model": "testsuite.testresultdetail", "pk": 269, "fields": {"test_result": 40, "question": 2, "variant": 8, "is_correct": true}}, {"model": "testsuite.testresultdetail", "pk": 270, "fields": {"test_result": 40, "question": 3, "variant": 9, "is_correct": false}}, {"model": "testsuite.testresultdetail", "pk": 271, "fields": {"test_result": 40, "question": 3, "variant": 10, "is_correct": true}}, {"model": "testsuite.testresultdetail", "pk": 272, "fields": {"test_result": 40, "question": 3, "variant": 11, "is_correct": false}}, {"model": "testsuite.testresultdetail", "pk": 273, "fields": {"test_result": 40, "question": 4, "variant": 12, "is_correct": false}}, {"model": "testsuite.testresultdetail", "pk": 274, "fields": {"test_result": 40, "question": 4, "variant": 13, "is_correct": true}}, {"model": "testsuite.testresultdetail", "pk": 275, "fields": {"test_result": 40, "question": 4, "variant": 14, "is_correct": false}}, {"model": "testsuite.testresultdetail", "pk": 276, "fields": {"test_result": 40, "question": 4, "variant": 15, "is_correct": true}}, {"model": "testsuite.testresultdetail", "pk": 277, "fields": {"test_result": 41, "question": 1, "variant": 1, "is_correct": true}}, {"model": "testsuite.testresultdetail", "pk": 278, "fields": {"test_result": 41, "question": 1, "variant": 2, "is_correct": true}}, {"model": "testsuite.testresultdetail", "pk": 279, "fields": {"test_result": 41, "question": 1, "variant": 3, "is_correct": true}}, {"model": "testsuite.testresultdetail", "pk": 280, "fields": {"test_result": 41, "question": 1, "variant": 4, "is_correct": true}}, {"model": "testsuite.testresultdetail", "pk": 281, "fields": {"test_result": 41, "question": 2, "variant": 5, "is_correct": true}}, {"model": "testsuite.testresultdetail", "pk": 282, "fields": {"test_result": 41, "question": 2, "variant": 6, "is_correct": true}}, {"model": "testsuite.testresultdetail", "pk": 283, "fields": {"test_result": 41, "question": 2, "variant": 7, "is_correct": true}}, {"model": "testsuite.testresultdetail", "pk": 284, "fields": {"test_result": 41, "question": 2, "variant": 8, "is_correct": true}}, {"model": "testsuite.testresultdetail", "pk": 285, "fields": {"test_result": 41, "question": 3, "variant": 9, "is_correct": true}}, {"model": "testsuite.testresultdetail", "pk": 286, "fields": {"test_result": 41, "question": 3, "variant": 10, "is_correct": true}}, {"model": "testsuite.testresultdetail", "pk": 287, "fields": {"test_result": 41, "question": 3, "variant": 11, "is_correct": true}}, {"model": "testsuite.testresultdetail", "pk": 288, "fields": {"test_result": 41, "question": 4, "variant": 12, "is_correct": true}}, {"model": "testsuite.testresultdetail", "pk": 289, "fields": {"test_result": 41, "question": 4, "variant": 13, "is_correct": true}}, {"model": "testsuite.testresultdetail", "pk": 290, "fields": {"test_result": 41, "question": 4, "variant": 14, "is_correct": true}}, {"model": "testsuite.testresultdetail", "pk": 291, "fields": {"test_result": 41, "question": 4, "variant": 15, "is_correct": true}}, {"model": "testsuite.testresultdetail", "pk": 292, "fields": {"test_result": 42, "question": 1, "variant": 1, "is_correct": true}}, {"model": "testsuite.testresultdetail", "pk": 293, "fields": {"test_result": 42, "question": 1, "variant": 2, "is_correct": true}}, {"model": "testsuite.testresultdetail", "pk": 294, "fields": {"test_result": 42, "question": 1, "variant": 3, "is_correct": true}}, {"model": "testsuite.testresultdetail", "pk": 295, "fields": {"test_result": 42, "question": 1, "variant": 4, "is_correct": true}}, {"model": "testsuite.testresultdetail", "pk": 296, "fields": {"test_result": 42, "question": 2, "variant": 5, "is_correct": true}}, {"model": "testsuite.testresultdetail", "pk": 297, "fields": {"test_result": 42, "question": 2, "variant": 6, "is_correct": false}}, {"model": "testsuite.testresultdetail", "pk": 298, "fields": {"test_result": 42, "question": 2, "variant": 7, "is_correct": false}}, {"model": "testsuite.testresultdetail", "pk": 299, "fields": {"test_result": 42, "question": 2, "variant": 8, "is_correct": true}}, {"model": "testsuite.testresultdetail", "pk": 300, "fields": {"test_result": 42, "question": 3, "variant": 9, "is_correct": true}}, {"model": "testsuite.testresultdetail", "pk": 301, "fields": {"test_result": 42, "question": 3, "variant": 10, "is_correct": true}}, {"model": "testsuite.testresultdetail", "pk": 302, "fields": {"test_result": 42, "question": 3, "variant": 11, "is_correct": true}}, {"model": "testsuite.testresultdetail", "pk": 303, "fields": {"test_result": 42, "question": 4, "variant": 12, "is_correct": true}}, {"model": "testsuite.testresultdetail", "pk": 304, "fields": {"test_result": 42, "question": 4, "variant": 13, "is_correct": true}}, {"model": "testsuite.testresultdetail", "pk": 305, "fields": {"test_result": 42, "question": 4, "variant": 14, "is_correct": true}}, {"model": "testsuite.testresultdetail", "pk": 306, "fields": {"test_result": 42, "question": 4, "variant": 15, "is_correct": true}}, {"model": "testsuite.testresultdetail", "pk": 307, "fields": {"test_result": 43, "question": 1, "variant": 1, "is_correct": true}}, {"model": "testsuite.testresultdetail", "pk": 308, "fields": {"test_result": 43, "question": 1, "variant": 2, "is_correct": true}}, {"model": "testsuite.testresultdetail", "pk": 309, "fields": {"test_result": 43, "question": 1, "variant": 3, "is_correct": true}}, {"model": "testsuite.testresultdetail", "pk": 310, "fields": {"test_result": 43, "question": 1, "variant": 4, "is_correct": true}}, {"model": "testsuite.testresultdetail", "pk": 311, "fields": {"test_result": 43, "question": 2, "variant": 5, "is_correct": true}}, {"model": "testsuite.testresultdetail", "pk": 312, "fields": {"test_result": 43, "question": 2, "variant": 6, "is_correct": true}}, {"model": "testsuite.testresultdetail", "pk": 313, "fields": {"test_result": 43, "question": 2, "variant": 7, "is_correct": true}}, {"model": "testsuite.testresultdetail", "pk": 314, "fields": {"test_result": 43, "question": 2, "variant": 8, "is_correct": true}}, {"model": "testsuite.testresultdetail", "pk": 315, "fields": {"test_result": 43, "question": 3, "variant": 9, "is_correct": true}}, {"model": "testsuite.testresultdetail", "pk": 316, "fields": {"test_result": 43, "question": 3, "variant": 10, "is_correct": true}}, {"model": "testsuite.testresultdetail", "pk": 317, "fields": {"test_result": 43, "question": 3, "variant": 11, "is_correct": true}}, {"model": "testsuite.testresultdetail", "pk": 318, "fields": {"test_result": 43, "question": 4, "variant": 12, "is_correct": true}}, {"model": "testsuite.testresultdetail", "pk": 319, "fields": {"test_result": 43, "question": 4, "variant": 13, "is_correct": true}}, {"model": "testsuite.testresultdetail", "pk": 320, "fields": {"test_result": 43, "question": 4, "variant": 14, "is_correct": true}}, {"model": "testsuite.testresultdetail", "pk": 321, "fields": {"test_result": 43, "question": 4, "variant": 15, "is_correct": true}}, {"model": "testsuite.testresultdetail", "pk": 322, "fields": {"test_result": 43, "question": 4, "variant": 12, "is_correct": true}}, {"model": "testsuite.testresultdetail", "pk": 323, "fields": {"test_result": 43, "question": 4, "variant": 13, "is_correct": true}}, {"model": "testsuite.testresultdetail", "pk": 324, "fields": {"test_result": 43, "question": 4, "variant": 14, "is_correct": true}}, {"model": "testsuite.testresultdetail", "pk": 325, "fields": {"test_result": 43, "question": 4, "variant": 15, "is_correct": true}}, {"model": "testsuite.testresultdetail", "pk": 326, "fields": {"test_result": 44, "question": 1, "variant": 1, "is_correct": true}}, {"model": "testsuite.testresultdetail", "pk": 327, "fields": {"test_result": 44, "question": 1, "variant": 2, "is_correct": true}}, {"model": "testsuite.testresultdetail", "pk": 328, "fields": {"test_result": 44, "question": 1, "variant": 3, "is_correct": true}}, {"model": "testsuite.testresultdetail", "pk": 329, "fields": {"test_result": 44, "question": 1, "variant": 4, "is_correct": true}}, {"model": "testsuite.testresultdetail", "pk": 330, "fields": {"test_result": 44, "question": 2, "variant": 5, "is_correct": true}}, {"model": "testsuite.testresultdetail", "pk": 331, "fields": {"test_result": 44, "question": 2, "variant": 6, "is_correct": true}}, {"model": "testsuite.testresultdetail", "pk": 332, "fields": {"test_result": 44, "question": 2, "variant": 7, "is_correct": true}}, {"model": "testsuite.testresultdetail", "pk": 333, "fields": {"test_result": 44, "question": 2, "variant": 8, "is_correct": true}}, {"model": "testsuite.testresultdetail", "pk": 334, "fields": {"test_result": 44, "question": 3, "variant": 9, "is_correct": true}}, {"model": "testsuite.testresultdetail", "pk": 335, "fields": {"test_result": 44, "question": 3, "variant": 10, "is_correct": false}}, {"model": "testsuite.testresultdetail", "pk": 336, "fields": {"test_result": 44, "question": 3, "variant": 11, "is_correct": false}}, {"model": "testsuite.testresultdetail", "pk": 337, "fields": {"test_result": 44, "question": 4, "variant": 12, "is_correct": true}}, {"model": "testsuite.testresultdetail", "pk": 338, "fields": {"test_result": 44, "question": 4, "variant": 13, "is_correct": true}}, {"model": "testsuite.testresultdetail", "pk": 339, "fields": {"test_result": 44, "question": 4, "variant": 14, "is_correct": true}}, {"model": "testsuite.testresultdetail", "pk": 340, "fields": {"test_result": 44, "question": 4, "variant": 15, "is_correct": true}}, {"model": "testsuite.testresultdetail", "pk": 341, "fields": {"test_result": 45, "question": 1, "variant": 1, "is_correct": true}}, {"model": "testsuite.testresultdetail", "pk": 342, "fields": {"test_result": 45, "question": 1, "variant": 2, "is_correct": true}}, {"model": "testsuite.testresultdetail", "pk": 343, "fields": {"test_result": 45, "question": 1, "variant": 3, "is_correct": true}}, {"model": "testsuite.testresultdetail", "pk": 344, "fields": {"test_result": 45, "question": 1, "variant": 4, "is_correct": true}}, {"model": "testsuite.testresultdetail", "pk": 345, "fields": {"test_result": 45, "question": 2, "variant": 5, "is_correct": true}}, {"model": "testsuite.testresultdetail", "pk": 346, "fields": {"test_result": 45, "question": 2, "variant": 6, "is_correct": true}}, {"model": "testsuite.testresultdetail", "pk": 347, "fields": {"test_result": 45, "question": 2, "variant": 7, "is_correct": true}}, {"model": "testsuite.testresultdetail", "pk": 348, "fields": {"test_result": 45, "question": 2, "variant": 8, "is_correct": true}}, {"model": "testsuite.testresultdetail", "pk": 349, "fields": {"test_result": 45, "question": 3, "variant": 9, "is_correct": true}}, {"model": "testsuite.testresultdetail", "pk": 350, "fields": {"test_result": 45, "question": 3, "variant": 10, "is_correct": false}}, {"model": "testsuite.testresultdetail", "pk": 351, "fields": {"test_result": 45, "question": 3, "variant": 11, "is_correct": false}}, {"model": "testsuite.testresultdetail", "pk": 352, "fields": {"test_result": 45, "question": 4, "variant": 12, "is_correct": true}}, {"model": "testsuite.testresultdetail", "pk": 353, "fields": {"test_result": 45, "question": 4, "variant": 13, "is_correct": true}}, {"model": "testsuite.testresultdetail", "pk": 354, "fields": {"test_result": 45, "question": 4, "variant": 14, "is_correct": true}}, {"model": "testsuite.testresultdetail", "pk": 355, "fields": {"test_result": 45, "question": 4, "variant": 15, "is_correct": true}}, {"model": "testsuite.testresultdetail", "pk": 356, "fields": {"test_result": 46, "question": 1, "variant": 1, "is_correct": true}}, {"model": "testsuite.testresultdetail", "pk": 357, "fields": {"test_result": 46, "question": 1, "variant": 2, "is_correct": false}}, {"model": "testsuite.testresultdetail", "pk": 358, "fields": {"test_result": 46, "question": 1, "variant": 3, "is_correct": false}}, {"model": "testsuite.testresultdetail", "pk": 359, "fields": {"test_result": 46, "question": 1, "variant": 4, "is_correct": true}}, {"model": "testsuite.testresultdetail", "pk": 360, "fields": {"test_result": 46, "question": 2, "variant": 5, "is_correct": true}}, {"model": "testsuite.testresultdetail", "pk": 361, "fields": {"test_result": 46, "question": 2, "variant": 6, "is_correct": true}}, {"model": "testsuite.testresultdetail", "pk": 362, "fields": {"test_result": 46, "question": 2, "variant": 7, "is_correct": true}}, {"model": "testsuite.testresultdetail", "pk": 363, "fields": {"test_result": 46, "question": 2, "variant": 8, "is_correct": true}}, {"model": "testsuite.testresultdetail", "pk": 364, "fields": {"test_result": 46, "question": 3, "variant": 9, "is_correct": true}}, {"model": "testsuite.testresultdetail", "pk": 365, "fields": {"test_result": 46, "question": 3, "variant": 10, "is_correct": true}}, {"model": "testsuite.testresultdetail", "pk": 366, "fields": {"test_result": 46, "question": 3, "variant": 11, "is_correct": true}}, {"model": "testsuite.testresultdetail", "pk": 367, "fields": {"test_result": 46, "question": 4, "variant": 12, "is_correct": true}}, {"model": "testsuite.testresultdetail", "pk": 368, "fields": {"test_result": 46, "question": 4, "variant": 13, "is_correct": false}}, {"model": "testsuite.testresultdetail", "pk": 369, "fields": {"test_result": 46, "question": 4, "variant": 14, "is_correct": false}}, {"model": "testsuite.testresultdetail", "pk": 370, "fields": {"test_result": 46, "question": 4, "variant": 15, "is_correct": true}}, {"model": "testsuite.testresultdetail", "pk": 371, "fields": {"test_result": 47, "question": 1, "variant": 1, "is_correct": true}}, {"model": "testsuite.testresultdetail", "pk": 372, "fields": {"test_result": 47, "question": 1, "variant": 2, "is_correct": true}}, {"model": "testsuite.testresultdetail", "pk": 373, "fields": {"test_result": 47, "question": 1, "variant": 3, "is_correct": true}}, {"model": "testsuite.testresultdetail", "pk": 374, "fields": {"test_result": 47, "question": 1, "variant": 4, "is_correct": true}}, {"model": "testsuite.testresultdetail", "pk": 375, "fields": {"test_result": 47, "question": 2, "variant": 5, "is_correct": true}}, {"model": "testsuite.testresultdetail", "pk": 376, "fields": {"test_result": 47, "question": 2, "variant": 6, "is_correct": true}}, {"model": "testsuite.testresultdetail", "pk": 377, "fields": {"test_result": 47, "question": 2, "variant": 7, "is_correct": true}}, {"model": "testsuite.testresultdetail", "pk": 378, "fields": {"test_result": 47, "question": 2, "variant": 8, "is_correct": true}}, {"model": "testsuite.testresultdetail", "pk": 379, "fields": {"test_result": 47, "question": 3, "variant": 9, "is_correct": true}}, {"model": "testsuite.testresultdetail", "pk": 380, "fields": {"test_result": 47, "question": 3, "variant": 10, "is_correct": true}}, {"model": "testsuite.testresultdetail", "pk": 381, "fields": {"test_result": 47, "question": 3, "variant": 11, "is_correct": true}}, {"model": "testsuite.testresultdetail", "pk": 382, "fields": {"test_result": 47, "question": 4, "variant": 12, "is_correct": true}}, {"model": "testsuite.testresultdetail", "pk": 383, "fields": {"test_result": 47, "question": 4, "variant": 13, "is_correct": false}}, {"model": "testsuite.testresultdetail", "pk": 384, "fields": {"test_result": 47, "question": 4, "variant": 14, "is_correct": false}}, {"model": "testsuite.testresultdetail", "pk": 385, "fields": {"test_result": 47, "question": 4, "variant": 15, "is_correct": true}}, {"model": "testsuite.testresultdetail", "pk": 386, "fields": {"test_result": 48, "question": 1, "variant": 1, "is_correct": true}}, {"model": "testsuite.testresultdetail", "pk": 387, "fields": {"test_result": 48, "question": 1, "variant": 2, "is_correct": true}}, {"model": "testsuite.testresultdetail", "pk": 388, "fields": {"test_result": 48, "question": 1, "variant": 3, "is_correct": true}}, {"model": "testsuite.testresultdetail", "pk": 389, "fields": {"test_result": 48, "question": 1, "variant": 4, "is_correct": true}}, {"model": "testsuite.testresultdetail", "pk": 390, "fields": {"test_result": 48, "question": 2, "variant": 5, "is_correct": true}}, {"model": "testsuite.testresultdetail", "pk": 391, "fields": {"test_result": 48, "question": 2, "variant": 6, "is_correct": true}}, {"model": "testsuite.testresultdetail", "pk": 392, "fields": {"test_result": 48, "question": 2, "variant": 7, "is_correct": true}}, {"model": "testsuite.testresultdetail", "pk": 393, "fields": {"test_result": 48, "question": 2, "variant": 8, "is_correct": true}}, {"model": "testsuite.testresultdetail", "pk": 394, "fields": {"test_result": 48, "question": 3, "variant": 9, "is_correct": true}}, {"model": "testsuite.testresultdetail", "pk": 395, "fields": {"test_result": 48, "question": 3, "variant": 10, "is_correct": true}}, {"model": "testsuite.testresultdetail", "pk": 396, "fields": {"test_result": 48, "question": 3, "variant": 11, "is_correct": true}}, {"model": "testsuite.testresultdetail", "pk": 397, "fields": {"test_result": 48, "question": 4, "variant": 12, "is_correct": true}}, {"model": "testsuite.testresultdetail", "pk": 398, "fields": {"test_result": 48, "question": 4, "variant": 13, "is_correct": true}}, {"model": "testsuite.testresultdetail", "pk": 399, "fields": {"test_result": 48, "question": 4, "variant": 14, "is_correct": true}}, {"model": "testsuite.testresultdetail", "pk": 400, "fields": {"test_result": 48, "question": 4, "variant": 15, "is_correct": true}}, {"model": "testsuite.testresultdetail", "pk": 401, "fields": {"test_result": 49, "question": 1, "variant": 1, "is_correct": true}}, {"model": "testsuite.testresultdetail", "pk": 402, "fields": {"test_result": 49, "question": 1, "variant": 2, "is_correct": true}}, {"model": "testsuite.testresultdetail", "pk": 403, "fields": {"test_result": 49, "question": 1, "variant": 3, "is_correct": true}}, {"model": "testsuite.testresultdetail", "pk": 404, "fields": {"test_result": 49, "question": 1, "variant": 4, "is_correct": true}}, {"model": "testsuite.testresultdetail", "pk": 405, "fields": {"test_result": 49, "question": 2, "variant": 5, "is_correct": true}}, {"model": "testsuite.testresultdetail", "pk": 406, "fields": {"test_result": 49, "question": 2, "variant": 6, "is_correct": true}}, {"model": "testsuite.testresultdetail", "pk": 407, "fields": {"test_result": 49, "question": 2, "variant": 7, "is_correct": true}}, {"model": "testsuite.testresultdetail", "pk": 408, "fields": {"test_result": 49, "question": 2, "variant": 8, "is_correct": true}}, {"model": "testsuite.testresultdetail", "pk": 409, "fields": {"test_result": 49, "question": 3, "variant": 9, "is_correct": true}}, {"model": "testsuite.testresultdetail", "pk": 410, "fields": {"test_result": 49, "question": 3, "variant": 10, "is_correct": true}}, {"model": "testsuite.testresultdetail", "pk": 411, "fields": {"test_result": 49, "question": 3, "variant": 11, "is_correct": true}}, {"model": "testsuite.testresultdetail", "pk": 412, "fields": {"test_result": 49, "question": 4, "variant": 12, "is_correct": true}}, {"model": "testsuite.testresultdetail", "pk": 413, "fields": {"test_result": 49, "question": 4, "variant": 13, "is_correct": false}}, {"model": "testsuite.testresultdetail", "pk": 414, "fields": {"test_result": 49, "question": 4, "variant": 14, "is_correct": false}}, {"model": "testsuite.testresultdetail", "pk": 415, "fields": {"test_result": 49, "question": 4, "variant": 15, "is_correct": true}}]