[{"model": "testsuite.test", "pk": 1, "fields": {"topic": null, "title": "Math test", "description": "", "level": 2, "image": "covers/16-167695_math-clipart-notebook-clip-art-vector-image-first.png"}}, {"model": "testsuite.question", "pk": 1, "fields": {"test": 1, "number": 1, "text": "2+2", "description": ""}}, {"model": "testsuite.question", "pk": 2, "fields": {"test": 1, "number": 2, "text": "3*3", "description": ""}}, {"model": "testsuite.question", "pk": 3, "fields": {"test": 1, "number": 3, "text": "log(0)", "description": ""}}, {"model": "testsuite.question", "pk": 4, "fields": {"test": 1, "number": 4, "text": "+inf + -inf", "description": ""}}, {"model": "testsuite.variant", "pk": 1, "fields": {"text": "3.14", "question": 1, "is_correct": false}}, {"model": "testsuite.variant", "pk": 2, "fields": {"text": "5", "question": 1, "is_correct": false}}, {"model": "testsuite.variant", "pk": 3, "fields": {"text": "4", "question": 1, "is_correct": true}}, {"model": "testsuite.variant", "pk": 4, "fields": {"text": "a lot of", "question": 1, "is_correct": false}}, {"model": "testsuite.variant", "pk": 5, "fields": {"text": "5", "question": 2, "is_correct": false}}, {"model": "testsuite.variant", "pk": 6, "fields": {"text": "9", "question": 2, "is_correct": true}}, {"model": "testsuite.variant", "pk": 7, "fields": {"text": "17", "question": 2, "is_correct": false}}, {"model": "testsuite.variant", "pk": 8, "fields": {"text": "-1", "question": 2, "is_correct": false}}, {"model": "testsuite.variant", "pk": 9, "fields": {"text": "-1", "question": 3, "is_correct": false}}, {"model": "testsuite.variant", "pk": 10, "fields": {"text": "mistake", "question": 3, "is_correct": false}}, {"model": "testsuite.variant", "pk": 11, "fields": {"text": "0", "question": 3, "is_correct": true}}, {"model": "testsuite.variant", "pk": 12, "fields": {"text": "0", "question": 4, "is_correct": false}}, {"model": "testsuite.variant", "pk": 13, "fields": {"text": "mistake", "question": 4, "is_correct": false}}, {"model": "testsuite.variant", "pk": 14, "fields": {"text": "inf", "question": 4, "is_correct": true}}, {"model": "testsuite.variant", "pk": 15, "fields": {"text": "-1", "question": 4, "is_correct": false}}, {"model": "testsuite.testresultdetail", "pk": 217, "fields": {"test_result": 37, "question": 1, "variant": 1, "is_correct": true}}, {"model": "testsuite.testresultdetail", "pk": 218, "fields": {"test_result": 37, "question": 1, "variant": 2, "is_correct": true}}, {"model": "testsuite.testresultdetail", "pk": 219, "fields": {"test_result": 37, "question": 1, "variant": 3, "is_correct": true}}, {"model": "testsuite.testresultdetail", "pk": 220, "fields": {"test_result": 37, "question": 1, "variant": 4, "is_correct": true}}, {"model": "testsuite.testresultdetail", "pk": 221, "fields": {"test_result": 37, "question": 2, "variant": 5, "is_correct": true}}, {"model": "testsuite.testresultdetail", "pk": 222, "fields": {"test_result": 37, "question": 2, "variant": 6, "is_correct": true}}, {"model": "testsuite.testresultdetail", "pk": 223, "fields": {"test_result": 37, "question": 2, "variant": 7, "is_correct": true}}, {"model": "testsuite.testresultdetail", "pk": 224, "fields": {"test_result": 37, "question": 2, "variant": 8, "is_correct": true}}, {"model": "testsuite.testresultdetail", "pk": 225, "fields": {"test_result": 37, "question": 3, "variant": 9, "is_correct": true}}, {"model": "testsuite.testresultdetail", "pk": 226, "fields": {"test_result": 37, "question": 3, "variant": 10, "is_correct": true}}, {"model": "testsuite.testresultdetail", "pk": 227, "fields": {"test_result": 37, "question": 3, "variant": 11, "is_correct": true}}, {"model": "testsuite.testresultdetail", "pk": 228, "fields": {"test_result": 37, "question": 4, "variant": 12, "is_correct": true}}, {"model": "testsuite.testresultdetail", "pk": 229, "fields": {"test_result": 37, "question": 4, "variant": 13, "is_correct": true}}, {"model": "testsuite.testresultdetail", "pk": 230, "fields": {"test_result": 37, "question": 4, "variant": 14, "is_correct": true}}, {"model": "testsuite.testresultdetail", "pk": 231, "fields": {"test_result": 37, "question": 4, "variant": 15, "is_correct": true}}, {"model": "testsuite.testresultdetail", "pk": 232, "fields": {"test_result": 38, "question": 1, "variant": 1, "is_correct": true}}, {"model": "testsuite.testresultdetail", "pk": 233, "fields": {"test_result": 38, "question": 1, "variant": 2, "is_correct": true}}, {"model": "testsuite.testresultdetail", "pk": 234, "fields": {"test_result": 38, "question": 1, "variant": 3, "is_correct": true}}, {"model": "testsuite.testresultdetail", "pk": 235, "fields": {"test_result": 38, "question": 1, "variant": 4, "is_correct": true}}, {"model": "testsuite.testresultdetail", "pk": 236, "fields": {"test_result": 38, "question": 2, "variant": 5, "is_correct": true}}, {"model": "testsuite.testresultdetail", "pk": 237, "fields": {"test_result": 38, "question": 2, "variant": 6, "is_correct": true}}, {"model": "testsuite.testresultdetail", "pk": 238, "fields": {"test_result": 38, "question": 2, "variant": 7, "is_correct": true}}, {"model": "testsuite.testresultdetail", "pk": 239, "fields": {"test_result": 38, "question": 2, "variant": 8, "is_correct": true}}, {"model": "testsuite.testresultdetail", "pk": 240, "fields": {"test_result": 38, "question": 3, "variant": 9, "is_correct": true}}, {"model": "testsuite.testresultdetail", "pk": 241, "fields": {"test_result": 38, "question": 3, "variant": 10, "is_correct": true}}, {"model": "testsuite.testresultdetail", "pk": 242, "fields": {"test_result": 38, "question": 3, "variant": 11, "is_correct": true}}, {"model": "testsuite.testresultdetail", "pk": 243, "fields": {"test_result": 38, "question": 4, "variant": 12, "is_correct": true}}, {"model": "testsuite.testresultdetail", "pk": 244, "fields": {"test_result": 38, "question": 4, "variant": 13, "is_correct": false}}, {"model": "testsuite.testresultdetail", "pk": 245, "fields": {"test_result": 38, "question": 4, "variant": 14, "is_correct": false}}, {"model": "testsuite.testresultdetail", "pk": 246, "fields": {"test_result": 38, "question": 4, "variant": 15, "is_correct": true}}, {"model": "testsuite.testresultdetail", "pk": 247, "fields": {"test_result": 39, "question": 1, "variant": 1, "is_correct": true}}, {"model": "testsuite.testresultdetail", "pk": 248, "fields": {"test_result": 39, "question": 1, "variant": 2, "is_correct": true}}, {"model": "testsuite.testresultdetail", "pk": 249, "fields": {"test_result": 39, "question": 1, "variant": 3, "is_correct": true}}, {"model": "testsuite.testresultdetail", "pk": 250, "fields": {"test_result": 39, "question": 1, "variant": 4, "is_correct": true}}, {"model": "testsuite.testresultdetail", "pk": 251, "fields": {"test_result": 39, "question": 2, "variant": 5, "is_correct": true}}, {"model": "testsuite.testresultdetail", "pk": 252, "fields": {"test_result": 39, "question": 2, "variant": 6, "is_correct": true}}, {"model": "testsuite.testresultdetail", "pk": 253, "fields": {"test_result": 39, "question": 2, "variant": 7, "is_correct": true}}, {"model": "testsuite.testresultdetail", "pk": 254, "fields": {"test_result": 39, "question": 2, "variant": 8, "is_correct": true}}, {"model": "testsuite.testresultdetail", "pk": 255, "fields": {"test_result": 39, "question": 3, "variant": 9, "is_correct": true}}, {"model": "testsuite.testresultdetail", "pk": 256, "fields": {"test_result": 39, "question": 3, "variant": 10, "is_correct": true}}, {"model": "testsuite.testresultdetail", "pk": 257, "fields": {"test_result": 39, "question": 3, "variant": 11, "is_correct": true}}, {"model": "testsuite.testresultdetail", "pk": 258, "fields": {"test_result": 39, "question": 4, "variant": 12, "is_correct": true}}, {"model": "testsuite.testresultdetail", "pk": 259, "fields": {"test_result": 39, "question": 4, "variant": 13, "is_correct": true}}, {"model": "testsuite.testresultdetail", "pk": 260, "fields": {"test_result": 39, "question": 4, "variant": 14, "is_correct": true}}, {"model": "testsuite.testresultdetail", "pk": 261, "fields": {"test_result": 39, "question": 4, "variant": 15, "is_correct": true}}, {"model": "testsuite.testresultdetail", "pk": 262, "fields": {"test_result": 40, "question": 1, "variant": 1, "is_correct": true}}, {"model": "testsuite.testresultdetail", "pk": 263, "fields": {"test_result": 40, "question": 1, "variant": 2, "is_correct": true}}, {"model": "testsuite.testresultdetail", "pk": 264, "fields": {"test_result": 40, "question": 1, "variant": 3, "is_correct": true}}, {"model": "testsuite.testresultdetail", "pk": 265, "fields": {"test_result": 40, "question": 1, "variant": 4, "is_correct": true}}, {"model": "testsuite.testresultdetail", "pk": 266, "fields": {"test_result": 40, "question": 2, "variant": 5, "is_correct": true}}, {"model": "testsuite.testresultdetail", "pk": 267, "fields": {"test_result": 40, "question": 2, "variant": 6, "is_correct": true}}, {"model": "testsuite.testresultdetail", "pk": 268, "fields": {"test_result": 40, "question": 2, "variant": 7, "is_correct": true}}, {"model": "testsuite.testresultdetail", "pk": 269, "fields": {"test_result": 40, "question": 2, "variant": 8, "is_correct": true}}, {"model": "testsuite.testresultdetail", "pk": 270, "fields": {"test_result": 40, "question": 3, "variant": 9, "is_correct": false}}, {"model": "testsuite.testresultdetail", "pk": 271, "fields": {"test_result": 40, "question": 3, "variant": 10, "is_correct": true}}, {"model": "testsuite.testresultdetail", "pk": 272, "fields": {"test_result": 40, "question": 3, "variant": 11, "is_correct": false}}, {"model": "testsuite.testresultdetail", "pk": 273, "fields": {"test_result": 40, "question": 4, "variant": 12, "is_correct": false}}, {"model": "testsuite.testresultdetail", "pk": 274, "fields": {"test_result": 40, "question": 4, "variant": 13, "is_correct": true}}, {"model": "testsuite.testresultdetail", "pk": 275, "fields": {"test_result": 40, "question": 4, "variant": 14, "is_correct": false}}, {"model": "testsuite.testresultdetail", "pk": 276, "fields": {"test_result": 40, "question": 4, "variant": 15, "is_correct": true}}, {"model": "testsuite.testresultdetail", "pk": 277, "fields": {"test_result": 41, "question": 1, "variant": 1, "is_correct": true}}, {"model": "testsuite.testresultdetail", "pk": 278, "fields": {"test_result": 41, "question": 1, "variant": 2, "is_correct": true}}, {"model": "testsuite.testresultdetail", "pk": 279, "fields": {"test_result": 41, "question": 1, "variant": 3, "is_correct": true}}, {"model": "testsuite.testresultdetail", "pk": 280, "fields": {"test_result": 41, "question": 1, "variant": 4, "is_correct": true}}, {"model": "testsuite.testresultdetail", "pk": 281, "fields": {"test_result": 41, "question": 2, "variant": 5, "is_correct": true}}, {"model": "testsuite.testresultdetail", "pk": 282, "fields": {"test_result": 41, "question": 2, "variant": 6, "is_correct": true}}, {"model": "testsuite.testresultdetail", "pk": 283, "fields": {"test_result": 41, "question": 2, "variant": 7, "is_correct": true}}, {"model": "testsuite.testresultdetail", "pk": 284, "fields": {"test_result": 41, "question": 2, "variant": 8, "is_correct": true}}, {"model": "testsuite.testresultdetail", "pk": 285, "fields": {"test_result": 41, "question": 3, "variant": 9, "is_correct": true}}, {"model": "testsuite.testresultdetail", "pk": 286, "fields": {"test_result": 41, "question": 3, "variant": 10, "is_correct": true}}, {"model": "testsuite.testresultdetail", "pk": 287, "fields": {"test_result": 41, "question": 3, "variant": 11, "is_correct": true}}, {"model": "testsuite.testresultdetail", "pk": 288, "fields": {"test_result": 41, "question": 4, "variant": 12, "is_correct": true}}, {"model": "testsuite.testresultdetail", "pk": 289, "fields": {"test_result": 41, "question": 4, "variant": 13, "is_correct": true}}, {"model": "testsuite.testresultdetail", "pk": 290, "fields": {"test_result": 41, "question": 4, "variant": 14, "is_correct": true}}, {"model": "testsuite.testresultdetail", "pk": 291, "fields": {"test_result": 41, "question": 4, "variant": 15, "is_correct": true}}, {"model": "testsuite.testresultdetail", "pk": 292, "fields": {"test_result": 42, "question": 1, "variant": 1, "is_correct": true}}, {"model": "testsuite.testresultdetail", "pk": 293, "fields": {"test_result": 42, "question": 1, "variant": 2, "is_correct": true}}, {"model": "testsuite.testresultdetail", "pk": 294, "fields": {"test_result": 42, "question": 1, "variant": 3, "is_correct": true}}, {"model": "testsuite.testresultdetail", "pk": 295, "fields": {"test_result": 42, "question": 1, "variant": 4, "is_correct": true}}, {"model": "testsuite.testresultdetail", "pk": 296, "fields": {"test_result": 42, "question": 2, "variant": 5, "is_correct": true}}, {"model": "testsuite.testresultdetail", "pk": 297, "fields": {"test_result": 42, "question": 2, "variant": 6, "is_correct": false}}, {"model": "testsuite.testresultdetail", "pk": 298, "fields": {"test_result": 42, "question": 2, "variant": 7, "is_correct": false}}, {"model": "testsuite.testresultdetail", "pk": 299, "fields": {"test_result": 42, "question": 2, "variant": 8, "is_correct": true}}, {"model": "testsuite.testresultdetail", "pk": 300, "fields": {"test_result": 42, "question": 3, "variant": 9, "is_correct": true}}, {"model": "testsuite.testresultdetail", "pk": 301, "fields": {"test_result": 42, "question": 3, "variant": 10, "is_correct": true}}, {"model": "testsuite.testresultdetail", "pk": 302, "fields": {"test_result": 42, "question": 3, "variant": 11, "is_correct": true}}, {"model": "testsuite.testresultdetail", "pk": 303, "fields": {"test_result": 42, "question": 4, "variant": 12, "is_correct": true}}, {"model": "testsuite.testresultdetail", "pk": 304, "fields": {"test_result": 42, "question": 4, "variant": 13, "is_correct": true}}, {"model": "testsuite.testresultdetail", "pk": 305, "fields": {"test_result": 42, "question": 4, "variant": 14, "is_correct": true}}, {"model": "testsuite.testresultdetail", "pk": 306, "fields": {"test_result": 42, "question": 4, "variant": 15, "is_correct": true}}, {"model": "testsuite.testresultdetail", "pk": 307, "fields": {"test_result": 43, "question": 1, "variant": 1, "is_correct": true}}, {"model": "testsuite.testresultdetail", "pk": 308, "fields": {"test_result": 43, "question": 1, "variant": 2, "is_correct": true}}, {"model": "testsuite.testresultdetail", "pk": 309, "fields": {"test_result": 43, "question": 1, "variant": 3, "is_correct": true}}, {"model": "testsuite.testresultdetail", "pk": 310, "fields": {"test_result": 43, "question": 1, "variant": 4, "is_correct": true}}, {"model": "testsuite.testresultdetail", "pk": 311, "fields": {"test_result": 43, "question": 2, "variant": 5, "is_correct": true}}, {"model": "testsuite.testresultdetail", "pk": 312, "fields": {"test_result": 43, "question": 2, "variant": 6, "is_correct": true}}, {"model": "testsuite.testresultdetail", "pk": 313, "fields": {"test_result": 43, "question": 2, "variant": 7, "is_correct": true}}, {"model": "testsuite.testresultdetail", "pk": 314, "fields": {"test_result": 43, "question": 2, "variant": 8, "is_correct": true}}, {"model": "testsuite.testresultdetail", "pk": 315, "fields": {"test_result": 43, "question": 3, "variant": 9, "is_correct": true}}, {"model": "testsuite.testresultdetail", "pk": 316, "fields": {"test_result": 43, "question": 3, "variant": 10, "is_correct": true}}, {"model": "testsuite.testresultdetail", "pk": 317, "fields": {"test_result": 43, "question": 3, "variant": 11, "is_correct": true}}, {"model": "testsuite.testresultdetail", "pk": 318, "fields": {"test_result": 43, "question": 4, "variant": 12, "is_correct": true}}, {"model": "testsuite.testresultdetail", "pk": 319, "fields": {"test_result": 43, "question": 4, "variant": 13, "is_correct": true}}, {"model": "testsuite.testresultdetail", "pk": 320, "fields": {"test_result": 43, "question": 4, "variant": 14, "is_correct": true}}, {"model": "testsuite.testresultdetail", "pk": 321, "fields": {"test_result": 43, "question": 4, "variant": 15, "is_correct": true}}, {"model": "testsuite.testresultdetail", "pk": 322, "fields": {"test_result": 43, "question": 4, "variant": 12, "is_correct": true}}, {"model": "testsuite.testresultdetail", "pk": 323, "fields": {"test_result": 43, "question": 4, "variant": 13, "is_correct": true}}, {"model": "testsuite.testresultdetail", "pk": 324, "fields": {"test_result": 43, "question": 4, "variant": 14, "is_correct": true}}, {"model": "testsuite.testresultdetail", "pk": 325, "fields": {"test_result": 43, "question": 4, "variant": 15, "is_correct": true}}, {"model": "testsuite.testresultdetail", "pk": 326, "fields": {"test_result": 44, "question": 1, "variant": 1, "is_correct": true}}, {"model": "testsuite.testresultdetail", "pk": 327, "fields": {"test_result": 44, "question": 1, "variant": 2, "is_correct": true}}, {"model": "testsuite.testresultdetail", "pk": 328, "fields": {"test_result": 44, "question": 1, "variant": 3, "is_correct": true}}, {"model": "testsuite.testresultdetail", "pk": 329, "fields": {"test_result": 44, "question": 1, "variant": 4, "is_correct": true}}, {"model": "testsuite.testresultdetail", "pk": 330, "fields": {"test_result": 44, "question": 2, "variant": 5, "is_correct": true}}, {"model": "testsuite.testresultdetail", "pk": 331, "fields": {"test_result": 44, "question": 2, "variant": 6, "is_correct": true}}, {"model": "testsuite.testresultdetail", "pk": 332, "fields": {"test_result": 44, "question": 2, "variant": 7, "is_correct": true}}, {"model": "testsuite.testresultdetail", "pk": 333, "fields": {"test_result": 44, "question": 2, "variant": 8, "is_correct": true}}, {"model": "testsuite.testresultdetail", "pk": 334, "fields": {"test_result": 44, "question": 3, "variant": 9, "is_correct": true}}, {"model": "testsuite.testresultdetail", "pk": 335, "fields": {"test_result": 44, "question": 3, "variant": 10, "is_correct": false}}, {"model": "testsuite.testresultdetail", "pk": 336, "fields": {"test_result": 44, "question": 3, "variant": 11, "is_correct": false}}, {"model": "testsuite.testresultdetail", "pk": 337, "fields": {"test_result": 44, "question": 4, "variant": 12, "is_correct": true}}, {"model": "testsuite.testresultdetail", "pk": 338, "fields": {"test_result": 44, "question": 4, "variant": 13, "is_correct": true}}, {"model": "testsuite.testresultdetail", "pk": 339, "fields": {"test_result": 44, "question": 4, "variant": 14, "is_correct": true}}, {"model": "testsuite.testresultdetail", "pk": 340, "fields": {"test_result": 44, "question": 4, "variant": 15, "is_correct": true}}, {"model": "testsuite.testresultdetail", "pk": 341, "fields": {"test_result": 45, "question": 1, "variant": 1, "is_correct": true}}, {"model": "testsuite.testresultdetail", "pk": 342, "fields": {"test_result": 45, "question": 1, "variant": 2, "is_correct": true}}, {"model": "testsuite.testresultdetail", "pk": 343, "fields": {"test_result": 45, "question": 1, "variant": 3, "is_correct": true}}, {"model": "testsuite.testresultdetail", "pk": 344, "fields": {"test_result": 45, "question": 1, "variant": 4, "is_correct": true}}, {"model": "testsuite.testresultdetail", "pk": 345, "fields": {"test_result": 45, "question": 2, "variant": 5, "is_correct": true}}, {"model": "testsuite.testresultdetail", "pk": 346, "fields": {"test_result": 45, "question": 2, "variant": 6, "is_correct": true}}, {"model": "testsuite.testresultdetail", "pk": 347, "fields": {"test_result": 45, "question": 2, "variant": 7, "is_correct": true}}, {"model": "testsuite.testresultdetail", "pk": 348, "fields": {"test_result": 45, "question": 2, "variant": 8, "is_correct": true}}, {"model": "testsuite.testresultdetail", "pk": 349, "fields": {"test_result": 45, "question": 3, "variant": 9, "is_correct": true}}, {"model": "testsuite.testresultdetail", "pk": 350, "fields": {"test_result": 45, "question": 3, "variant": 10, "is_correct": false}}, {"model": "testsuite.testresultdetail", "pk": 351, "fields": {"test_result": 45, "question": 3, "variant": 11, "is_correct": false}}, {"model": "testsuite.testresultdetail", "pk": 352, "fields": {"test_result": 45, "question": 4, "variant": 12, "is_correct": true}}, {"model": "testsuite.testresultdetail", "pk": 353, "fields": {"test_result": 45, "question": 4, "variant": 13, "is_correct": true}}, {"model": "testsuite.testresultdetail", "pk": 354, "fields": {"test_result": 45, "question": 4, "variant": 14, "is_correct": true}}, {"model": "testsuite.testresultdetail", "pk": 355, "fields": {"test_result": 45, "question": 4, "variant": 15, "is_correct": true}}, {"model": "testsuite.testresultdetail", "pk": 356, "fields": {"test_result": 46, "question": 1, "variant": 1, "is_correct": true}}, {"model": "testsuite.testresultdetail", "pk": 357, "fields": {"test_result": 46, "question": 1, "variant": 2, "is_correct": false}}, {"model": "testsuite.testresultdetail", "pk": 358, "fields": {"test_result": 46, "question": 1, "variant": 3, "is_correct": false}}, {"model": "testsuite.testresultdetail", "pk": 359, "fields": {"test_result": 46, "question": 1, "variant": 4, "is_correct": true}}, {"model": "testsuite.testresultdetail", "pk": 360, "fields": {"test_result": 46, "question": 2, "variant": 5, "is_correct": true}}, {"model": "testsuite.testresultdetail", "pk": 361, "fields": {"test_result": 46, "question": 2, "variant": 6, "is_correct": true}}, {"model": "testsuite.testresultdetail", "pk": 362, "fields": {"test_result": 46, "question": 2, "variant": 7, "is_correct": true}}, {"model": "testsuite.testresultdetail", "pk": 363, "fields": {"test_result": 46, "question": 2, "variant": 8, "is_correct": true}}, {"model": "testsuite.testresultdetail", "pk": 364, "fields": {"test_result": 46, "question": 3, "variant": 9, "is_correct": true}}, {"model": "testsuite.testresultdetail", "pk": 365, "fields": {"test_result": 46, "question": 3, "variant": 10, "is_correct": true}}, {"model": "testsuite.testresultdetail", "pk": 366, "fields": {"test_result": 46, "question": 3, "variant": 11, "is_correct": true}}, {"model": "testsuite.testresultdetail", "pk": 367, "fields": {"test_result": 46, "question": 4, "variant": 12, "is_correct": true}}, {"model": "testsuite.testresultdetail", "pk": 368, "fields": {"test_result": 46, "question": 4, "variant": 13, "is_correct": false}}, {"model": "testsuite.testresultdetail", "pk": 369, "fields": {"test_result": 46, "question": 4, "variant": 14, "is_correct": false}}, {"model": "testsuite.testresultdetail", "pk": 370, "fields": {"test_result": 46, "question": 4, "variant": 15, "is_correct": true}}, {"model": "testsuite.testresultdetail", "pk": 371, "fields": {"test_result": 47, "question": 1, "variant": 1, "is_correct": true}}, {"model": "testsuite.testresultdetail", "pk": 372, "fields": {"test_result": 47, "question": 1, "variant": 2, "is_correct": true}}, {"model": "testsuite.testresultdetail", "pk": 373, "fields": {"test_result": 47, "question": 1, "variant": 3, "is_correct": true}}, {"model": "testsuite.testresultdetail", "pk": 374, "fields": {"test_result": 47, "question": 1, "variant": 4, "is_correct": true}}, {"model": "testsuite.testresultdetail", "pk": 375, "fields": {"test_result": 47, "question": 2, "variant": 5, "is_correct": true}}, {"model": "testsuite.testresultdetail", "pk": 376, "fields": {"test_result": 47, "question": 2, "variant": 6, "is_correct": true}}, {"model": "testsuite.testresultdetail", "pk": 377, "fields": {"test_result": 47, "question": 2, "variant": 7, "is_correct": true}}, {"model": "testsuite.testresultdetail", "pk": 378, "fields": {"test_result": 47, "question": 2, "variant": 8, "is_correct": true}}, {"model": "testsuite.testresultdetail", "pk": 379, "fields": {"test_result": 47, "question": 3, "variant": 9, "is_correct": true}}, {"model": "testsuite.testresultdetail", "pk": 380, "fields": {"test_result": 47, "question": 3, "variant": 10, "is_correct": true}}, {"model": "testsuite.testresultdetail", "pk": 381, "fields": {"test_result": 47, "question": 3, "variant": 11, "is_correct": true}}, {"model": "testsuite.testresultdetail", "pk": 382, "fields": {"test_result": 47, "question": 4, "variant": 12, "is_correct": true}}, {"model": "testsuite.testresultdetail", "pk": 383, "fields": {"test_result": 47, "question": 4, "variant": 13, "is_correct": false}}, {"model": "testsuite.testresultdetail", "pk": 384, "fields": {"test_result": 47, "question": 4, "variant": 14, "is_correct": false}}, {"model": "testsuite.testresultdetail", "pk": 385, "fields": {"test_result": 47, "question": 4, "variant": 15, "is_correct": true}}, {"model": "testsuite.testresultdetail", "pk": 386, "fields": {"test_result": 48, "question": 1, "variant": 1, "is_correct": true}}, {"model": "testsuite.testresultdetail", "pk": 387, "fields": {"test_result": 48, "question": 1, "variant": 2, "is_correct": true}}, {"model": "testsuite.testresultdetail", "pk": 388, "fields": {"test_result": 48, "question": 1, "variant": 3, "is_correct": true}}, {"model": "testsuite.testresultdetail", "pk": 389, "fields": {"test_result": 48, "question": 1, "variant": 4, "is_correct": true}}, {"model": "testsuite.testresultdetail", "pk": 390, "fields": {"test_result": 48, "question": 2, "variant": 5, "is_correct": true}}, {"model": "testsuite.testresultdetail", "pk": 391, "fields": {"test_result": 48, "question": 2, "variant": 6, "is_correct": true}}, {"model": "testsuite.testresultdetail", "pk": 392, "fields": {"test_result": 48, "question": 2, "variant": 7, "is_correct": true}}, {"model": "testsuite.testresultdetail", "pk": 393, "fields": {"test_result": 48, "question": 2, "variant": 8, "is_correct": true}}, {"model": "testsuite.testresultdetail", "pk": 394, "fields": {"test_result": 48, "question": 3, "variant": 9, "is_correct": true}}, {"model": "testsuite.testresultdetail", "pk": 395, "fields": {"test_result": 48, "question": 3, "variant": 10, "is_correct": true}}, {"model": "testsuite.testresultdetail", "pk": 396, "fields": {"test_result": 48, "question": 3, "variant": 11, "is_correct": true}}, {"model": "testsuite.testresultdetail", "pk": 397, "fields": {"test_result": 48, "question": 4, "variant": 12, "is_correct": true}}, {"model": "testsuite.testresultdetail", "pk": 398, "fields": {"test_result": 48, "question": 4, "variant": 13, "is_correct": true}}, {"model": "testsuite.testresultdetail", "pk": 399, "fields": {"test_result": 48, "question": 4, "variant": 14, "is_correct": true}}, {"model": "testsuite.testresultdetail", "pk": 400, "fields": {"test_result": 48, "question": 4, "variant": 15, "is_correct": true}}, {"model": "testsuite.testresultdetail", "pk": 401, "fields": {"test_result": 49, "question": 1, "variant": 1, "is_correct": true}}, {"model": "testsuite.testresultdetail", "pk": 402, "fields": {"test_result": 49, "question": 1, "variant": 2, "is_correct": true}}, {"model": "testsuite.testresultdetail", "pk": 403, "fields": {"test_result": 49, "question": 1, "variant": 3, "is_correct": true}}, {"model": "testsuite.testresultdetail", "pk": 404, "fields": {"test_result": 49, "question": 1, "variant": 4, "is_correct": true}}, {"model": "testsuite.testresultdetail", "pk": 405, "fields": {"test_result": 49, "question": 2, "variant": 5, "is_correct": true}}, {"model": "testsuite.testresultdetail", "pk": 406, "fields": {"test_result": 49, "question": 2, "variant": 6, "is_correct": true}}, {"model": "testsuite.testresultdetail", "pk": 407, "fields": {"test_result": 49, "question": 2, "variant": 7, "is_correct": true}}, {"model": "testsuite.testresultdetail", "pk": 408, "fields": {"test_result": 49, "question": 2, "variant": 8, "is_correct": true}}, {"model": "testsuite.testresultdetail", "pk": 409, "fields": {"test_result": 49, "question": 3, "variant": 9, "is_correct": true}}, {"model": "testsuite.testresultdetail", "pk": 410, "fields": {"test_result": 49, "question": 3, "variant": 10, "is_correct": true}}, {"model": "testsuite.testresultdetail", "pk": 411, "fields": {"test_result": 49, "question": 3, "variant": 11, "is_correct": true}}, {"model": "testsuite.testresultdetail", "pk": 412, "fields": {"test_result": 49, "question": 4, "variant": 12, "is_correct": true}}, {"model": "testsuite.testresultdetail", "pk": 413, "fields": {"test_result": 49, "question": 4, "variant": 13, "is_correct": false}}, {"model": "testsuite.testresultdetail", "pk": 414, "fields": {"test_result": 49, "question": 4, "variant": 14, "is_correct": false}}, {"model": "testsuite.testresultdetail", "pk": 415, "fields": {"test_result": 49, "question": 4, "variant": 15, "is_correct": true}}, {"model": "testsuite.testresultdetail", "pk": 416, "fields": {"test_result": 50, "question": 1, "variant": 1, "is_correct": true}}, {"model": "testsuite.testresultdetail", "pk": 417, "fields": {"test_result": 50, "question": 1, "variant": 2, "is_correct": true}}, {"model": "testsuite.testresultdetail", "pk": 418, "fields": {"test_result": 50, "question": 1, "variant": 3, "is_correct": true}}, {"model": "testsuite.testresultdetail", "pk": 419, "fields": {"test_result": 50, "question": 1, "variant": 4, "is_correct": true}}, {"model": "testsuite.testresultdetail", "pk": 420, "fields": {"test_result": 50, "question": 2, "variant": 5, "is_correct": true}}, {"model": "testsuite.testresultdetail", "pk": 421, "fields": {"test_result": 50, "question": 2, "variant": 6, "is_correct": true}}, {"model": "testsuite.testresultdetail", "pk": 422, "fields": {"test_result": 50, "question": 2, "variant": 7, "is_correct": true}}, {"model": "testsuite.testresultdetail", "pk": 423, "fields": {"test_result": 50, "question": 2, "variant": 8, "is_correct": true}}, {"model": "testsuite.testresultdetail", "pk": 424, "fields": {"test_result": 50, "question": 3, "variant": 9, "is_correct": true}}, {"model": "testsuite.testresultdetail", "pk": 425, "fields": {"test_result": 50, "question": 3, "variant": 10, "is_correct": true}}, {"model": "testsuite.testresultdetail", "pk": 426, "fields": {"test_result": 50, "question": 3, "variant": 11, "is_correct": true}}, {"model": "testsuite.testresultdetail", "pk": 427, "fields": {"test_result": 50, "question": 4, "variant": 12, "is_correct": true}}, {"model": "testsuite.testresultdetail", "pk": 428, "fields": {"test_result": 50, "question": 4, "variant": 13, "is_correct": true}}, {"model": "testsuite.testresultdetail", "pk": 429, "fields": {"test_result": 50, "question": 4, "variant": 14, "is_correct": true}}, {"model": "testsuite.testresultdetail", "pk": 430, "fields": {"test_result": 50, "question": 4, "variant": 15, "is_correct": true}}, {"model": "testsuite.testresultdetail", "pk": 431, "fields": {"test_result": 51, "question": 1, "variant": 1, "is_correct": true}}, {"model": "testsuite.testresultdetail", "pk": 432, "fields": {"test_result": 51, "question": 1, "variant": 2, "is_correct": true}}, {"model": "testsuite.testresultdetail", "pk": 433, "fields": {"test_result": 51, "question": 1, "variant": 3, "is_correct": true}}, {"model": "testsuite.testresultdetail", "pk": 434, "fields": {"test_result": 51, "question": 1, "variant": 4, "is_correct": true}}, {"model": "testsuite.testresultdetail", "pk": 435, "fields": {"test_result": 51, "question": 2, "variant": 5, "is_correct": true}}, {"model": "testsuite.testresultdetail", "pk": 436, "fields": {"test_result": 51, "question": 2, "variant": 6, "is_correct": true}}, {"model": "testsuite.testresultdetail", "pk": 437, "fields": {"test_result": 51, "question": 2, "variant": 7, "is_correct": true}}, {"model": "testsuite.testresultdetail", "pk": 438, "fields": {"test_result": 51, "question": 2, "variant": 8, "is_correct": true}}, {"model": "testsuite.testresultdetail", "pk": 439, "fields": {"test_result": 51, "question": 3, "variant": 9, "is_correct": true}}, {"model": "testsuite.testresultdetail", "pk": 440, "fields": {"test_result": 51, "question": 3, "variant": 10, "is_correct": true}}, {"model": "testsuite.testresultdetail", "pk": 441, "fields": {"test_result": 51, "question": 3, "variant": 11, "is_correct": true}}, {"model": "testsuite.testresultdetail", "pk": 442, "fields": {"test_result": 51, "question": 4, "variant": 12, "is_correct": true}}, {"model": "testsuite.testresultdetail", "pk": 443, "fields": {"test_result": 51, "question": 4, "variant": 13, "is_correct": true}}, {"model": "testsuite.testresultdetail", "pk": 444, "fields": {"test_result": 51, "question": 4, "variant": 14, "is_correct": true}}, {"model": "testsuite.testresultdetail", "pk": 445, "fields": {"test_result": 51, "question": 4, "variant": 15, "is_correct": true}}, {"model": "testsuite.testresultdetail", "pk": 446, "fields": {"test_result": 52, "question": 1, "variant": 1, "is_correct": true}}, {"model": "testsuite.testresultdetail", "pk": 447, "fields": {"test_result": 52, "question": 1, "variant": 2, "is_correct": true}}, {"model": "testsuite.testresultdetail", "pk": 448, "fields": {"test_result": 52, "question": 1, "variant": 3, "is_correct": true}}, {"model": "testsuite.testresultdetail", "pk": 449, "fields": {"test_result": 52, "question": 1, "variant": 4, "is_correct": true}}, {"model": "testsuite.testresultdetail", "pk": 450, "fields": {"test_result": 52, "question": 2, "variant": 5, "is_correct": true}}, {"model": "testsuite.testresultdetail", "pk": 451, "fields": {"test_result": 52, "question": 2, "variant": 6, "is_correct": true}}, {"model": "testsuite.testresultdetail", "pk": 452, "fields": {"test_result": 52, "question": 2, "variant": 7, "is_correct": true}}, {"model": "testsuite.testresultdetail", "pk": 453, "fields": {"test_result": 52, "question": 2, "variant": 8, "is_correct": true}}, {"model": "testsuite.testresultdetail", "pk": 454, "fields": {"test_result": 52, "question": 3, "variant": 9, "is_correct": true}}, {"model": "testsuite.testresultdetail", "pk": 455, "fields": {"test_result": 52, "question": 3, "variant": 10, "is_correct": true}}, {"model": "testsuite.testresultdetail", "pk": 456, "fields": {"test_result": 52, "question": 3, "variant": 11, "is_correct": true}}, {"model": "testsuite.testresultdetail", "pk": 457, "fields": {"test_result": 52, "question": 4, "variant": 12, "is_correct": true}}, {"model": "testsuite.testresultdetail", "pk": 458, "fields": {"test_result": 52, "question": 4, "variant": 13, "is_correct": true}}, {"model": "testsuite.testresultdetail", "pk": 459, "fields": {"test_result": 52, "question": 4, "variant": 14, "is_correct": true}}, {"model": "testsuite.testresultdetail", "pk": 460, "fields": {"test_result": 52, "question": 4, "variant": 15, "is_correct": true}}, {"model": "testsuite.testresultdetail", "pk": 461, "fields": {"test_result": 53, "question": 1, "variant": 1, "is_correct": true}}, {"model": "testsuite.testresultdetail", "pk": 462, "fields": {"test_result": 53, "question": 1, "variant": 2, "is_correct": true}}, {"model": "testsuite.testresultdetail", "pk": 463, "fields": {"test_result": 53, "question": 1, "variant": 3, "is_correct": true}}, {"model": "testsuite.testresultdetail", "pk": 464, "fields": {"test_result": 53, "question": 1, "variant": 4, "is_correct": true}}, {"model": "testsuite.testresultdetail", "pk": 465, "fields": {"test_result": 53, "question": 2, "variant": 5, "is_correct": true}}, {"model": "testsuite.testresultdetail", "pk": 466, "fields": {"test_result": 53, "question": 2, "variant": 6, "is_correct": true}}, {"model": "testsuite.testresultdetail", "pk": 467, "fields": {"test_result": 53, "question": 2, "variant": 7, "is_correct": true}}, {"model": "testsuite.testresultdetail", "pk": 468, "fields": {"test_result": 53, "question": 2, "variant": 8, "is_correct": true}}, {"model": "testsuite.testresultdetail", "pk": 469, "fields": {"test_result": 53, "question": 3, "variant": 9, "is_correct": true}}, {"model": "testsuite.testresultdetail", "pk": 470, "fields": {"test_result": 53, "question": 3, "variant": 10, "is_correct": true}}, {"model": "testsuite.testresultdetail", "pk": 471, "fields": {"test_result": 53, "question": 3, "variant": 11, "is_correct": true}}, {"model": "testsuite.testresultdetail", "pk": 472, "fields": {"test_result": 53, "question": 4, "variant": 12, "is_correct": true}}, {"model": "testsuite.testresultdetail", "pk": 473, "fields": {"test_result": 53, "question": 4, "variant": 13, "is_correct": true}}, {"model": "testsuite.testresultdetail", "pk": 474, "fields": {"test_result": 53, "question": 4, "variant": 14, "is_correct": true}}, {"model": "testsuite.testresultdetail", "pk": 475, "fields": {"test_result": 53, "question": 4, "variant": 15, "is_correct": true}}, {"model": "testsuite.testresultdetail", "pk": 476, "fields": {"test_result": 54, "question": 1, "variant": 1, "is_correct": true}}, {"model": "testsuite.testresultdetail", "pk": 477, "fields": {"test_result": 54, "question": 1, "variant": 2, "is_correct": true}}, {"model": "testsuite.testresultdetail", "pk": 478, "fields": {"test_result": 54, "question": 1, "variant": 3, "is_correct": true}}, {"model": "testsuite.testresultdetail", "pk": 479, "fields": {"test_result": 54, "question": 1, "variant": 4, "is_correct": true}}, {"model": "testsuite.testresultdetail", "pk": 480, "fields": {"test_result": 54, "question": 2, "variant": 5, "is_correct": true}}, {"model": "testsuite.testresultdetail", "pk": 481, "fields": {"test_result": 54, "question": 2, "variant": 6, "is_correct": true}}, {"model": "testsuite.testresultdetail", "pk": 482, "fields": {"test_result": 54, "question": 2, "variant": 7, "is_correct": true}}, {"model": "testsuite.testresultdetail", "pk": 483, "fields": {"test_result": 54, "question": 2, "variant": 8, "is_correct": true}}, {"model": "testsuite.testresultdetail", "pk": 484, "fields": {"test_result": 54, "question": 3, "variant": 9, "is_correct": true}}, {"model": "testsuite.testresultdetail", "pk": 485, "fields": {"test_result": 54, "question": 3, "variant": 10, "is_correct": true}}, {"model": "testsuite.testresultdetail", "pk": 486, "fields": {"test_result": 54, "question": 3, "variant": 11, "is_correct": true}}, {"model": "testsuite.testresultdetail", "pk": 487, "fields": {"test_result": 54, "question": 4, "variant": 12, "is_correct": true}}, {"model": "testsuite.testresultdetail", "pk": 488, "fields": {"test_result": 54, "question": 4, "variant": 13, "is_correct": true}}, {"model": "testsuite.testresultdetail", "pk": 489, "fields": {"test_result": 54, "question": 4, "variant": 14, "is_correct": true}}, {"model": "testsuite.testresultdetail", "pk": 490, "fields": {"test_result": 54, "question": 4, "variant": 15, "is_correct": true}}, {"model": "testsuite.testresultdetail", "pk": 491, "fields": {"test_result": 55, "question": 1, "variant": 1, "is_correct": true}}, {"model": "testsuite.testresultdetail", "pk": 492, "fields": {"test_result": 55, "question": 1, "variant": 2, "is_correct": true}}, {"model": "testsuite.testresultdetail", "pk": 493, "fields": {"test_result": 55, "question": 1, "variant": 3, "is_correct": true}}, {"model": "testsuite.testresultdetail", "pk": 494, "fields": {"test_result": 55, "question": 1, "variant": 4, "is_correct": true}}, {"model": "testsuite.testresultdetail", "pk": 495, "fields": {"test_result": 55, "question": 2, "variant": 5, "is_correct": true}}, {"model": "testsuite.testresultdetail", "pk": 496, "fields": {"test_result": 55, "question": 2, "variant": 6, "is_correct": true}}, {"model": "testsuite.testresultdetail", "pk": 497, "fields": {"test_result": 55, "question": 2, "variant": 7, "is_correct": true}}, {"model": "testsuite.testresultdetail", "pk": 498, "fields": {"test_result": 55, "question": 2, "variant": 8, "is_correct": true}}, {"model": "testsuite.testresultdetail", "pk": 499, "fields": {"test_result": 55, "question": 3, "variant": 9, "is_correct": true}}, {"model": "testsuite.testresultdetail", "pk": 500, "fields": {"test_result": 55, "question": 3, "variant": 10, "is_correct": true}}, {"model": "testsuite.testresultdetail", "pk": 501, "fields": {"test_result": 55, "question": 3, "variant": 11, "is_correct": true}}, {"model": "testsuite.testresultdetail", "pk": 502, "fields": {"test_result": 55, "question": 4, "variant": 12, "is_correct": true}}, {"model": "testsuite.testresultdetail", "pk": 503, "fields": {"test_result": 55, "question": 4, "variant": 13, "is_correct": true}}, {"model": "testsuite.testresultdetail", "pk": 504, "fields": {"test_result": 55, "question": 4, "variant": 14, "is_correct": true}}, {"model": "testsuite.testresultdetail", "pk": 505, "fields": {"test_result": 55, "question": 4, "variant": 15, "is_correct": true}}, {"model": "testsuite.testresultdetail", "pk": 506, "fields": {"test_result": 56, "question": 1, "variant": 1, "is_correct": true}}, {"model": "testsuite.testresultdetail", "pk": 507, "fields": {"test_result": 56, "question": 1, "variant": 2, "is_correct": true}}, {"model": "testsuite.testresultdetail", "pk": 508, "fields": {"test_result": 56, "question": 1, "variant": 3, "is_correct": true}}, {"model": "testsuite.testresultdetail", "pk": 509, "fields": {"test_result": 56, "question": 1, "variant": 4, "is_correct": true}}, {"model": "testsuite.testresultdetail", "pk": 510, "fields": {"test_result": 56, "question": 2, "variant": 5, "is_correct": true}}, {"model": "testsuite.testresultdetail", "pk": 511, "fields": {"test_result": 56, "question": 2, "variant": 6, "is_correct": true}}, {"model": "testsuite.testresultdetail", "pk": 512, "fields": {"test_result": 56, "question": 2, "variant": 7, "is_correct": true}}, {"model": "testsuite.testresultdetail", "pk": 513, "fields": {"test_result": 56, "question": 2, "variant": 8, "is_correct": true}}, {"model": "testsuite.testresultdetail", "pk": 514, "fields": {"test_result": 56, "question": 3, "variant": 9, "is_correct": true}}, {"model": "testsuite.testresultdetail", "pk": 515, "fields": {"test_result": 56, "question": 3, "variant": 10, "is_correct": true}}, {"model": "testsuite.testresultdetail", "pk": 516, "fields": {"test_result": 56, "question": 3, "variant": 11, "is_correct": true}}, {"model": "testsuite.testresultdetail", "pk": 517, "fields": {"test_result": 56, "question": 4, "variant": 12, "is_correct": true}}, {"model": "testsuite.testresultdetail", "pk": 518, "fields": {"test_result": 56, "question": 4, "variant": 13, "is_correct": true}}, {"model": "testsuite.testresultdetail", "pk": 519, "fields": {"test_result": 56, "question": 4, "variant": 14, "is_correct": true}}, {"model": "testsuite.testresultdetail", "pk": 520, "fields": {"test_result": 56, "question": 4, "variant": 15, "is_correct": true}}, {"model": "testsuite.testresultdetail", "pk": 521, "fields": {"test_result": 57, "question": 1, "variant": 1, "is_correct": true}}, {"model": "testsuite.testresultdetail", "pk": 522, "fields": {"test_result": 57, "question": 1, "variant": 2, "is_correct": true}}, {"model": "testsuite.testresultdetail", "pk": 523, "fields": {"test_result": 57, "question": 1, "variant": 3, "is_correct": true}}, {"model": "testsuite.testresultdetail", "pk": 524, "fields": {"test_result": 57, "question": 1, "variant": 4, "is_correct": true}}, {"model": "testsuite.testresultdetail", "pk": 525, "fields": {"test_result": 57, "question": 2, "variant": 5, "is_correct": true}}, {"model": "testsuite.testresultdetail", "pk": 526, "fields": {"test_result": 57, "question": 2, "variant": 6, "is_correct": true}}, {"model": "testsuite.testresultdetail", "pk": 527, "fields": {"test_result": 57, "question": 2, "variant": 7, "is_correct": true}}, {"model": "testsuite.testresultdetail", "pk": 528, "fields": {"test_result": 57, "question": 2, "variant": 8, "is_correct": true}}, {"model": "testsuite.testresultdetail", "pk": 529, "fields": {"test_result": 57, "question": 3, "variant": 9, "is_correct": true}}, {"model": "testsuite.testresultdetail", "pk": 530, "fields": {"test_result": 57, "question": 3, "variant": 10, "is_correct": true}}, {"model": "testsuite.testresultdetail", "pk": 531, "fields": {"test_result": 57, "question": 3, "variant": 11, "is_correct": true}}, {"model": "testsuite.testresultdetail", "pk": 532, "fields": {"test_result": 57, "question": 4, "variant": 12, "is_correct": true}}, {"model": "testsuite.testresultdetail", "pk": 533, "fields": {"test_result": 57, "question": 4, "variant": 13, "is_correct": true}}, {"model": "testsuite.testresultdetail", "pk": 534, "fields": {"test_result": 57, "question": 4, "variant": 14, "is_correct": true}}, {"model": "testsuite.testresultdetail", "pk": 535, "fields": {"test_result": 57, "question": 4, "variant": 15, "is_correct": true}}, {"model": "testsuite.testresultdetail", "pk": 536, "fields": {"test_result": 58, "question": 1, "variant": 1, "is_correct": true}}, {"model": "testsuite.testresultdetail", "pk": 537, "fields": {"test_result": 58, "question": 1, "variant": 2, "is_correct": true}}, {"model": "testsuite.testresultdetail", "pk": 538, "fields": {"test_result": 58, "question": 1, "variant": 3, "is_correct": true}}, {"model": "testsuite.testresultdetail", "pk": 539, "fields": {"test_result": 58, "question": 1, "variant": 4, "is_correct": true}}, {"model": "testsuite.testresultdetail", "pk": 540, "fields": {"test_result": 58, "question": 2, "variant": 5, "is_correct": true}}, {"model": "testsuite.testresultdetail", "pk": 541, "fields": {"test_result": 58, "question": 2, "variant": 6, "is_correct": true}}, {"model": "testsuite.testresultdetail", "pk": 542, "fields": {"test_result": 58, "question": 2, "variant": 7, "is_correct": true}}, {"model": "testsuite.testresultdetail", "pk": 543, "fields": {"test_result": 58, "question": 2, "variant": 8, "is_correct": true}}, {"model": "testsuite.testresultdetail", "pk": 544, "fields": {"test_result": 58, "question": 3, "variant": 9, "is_correct": true}}, {"model": "testsuite.testresultdetail", "pk": 545, "fields": {"test_result": 58, "question": 3, "variant": 10, "is_correct": true}}, {"model": "testsuite.testresultdetail", "pk": 546, "fields": {"test_result": 58, "question": 3, "variant": 11, "is_correct": true}}, {"model": "testsuite.testresultdetail", "pk": 547, "fields": {"test_result": 58, "question": 4, "variant": 12, "is_correct": true}}, {"model": "testsuite.testresultdetail", "pk": 548, "fields": {"test_result": 58, "question": 4, "variant": 13, "is_correct": true}}, {"model": "testsuite.testresultdetail", "pk": 549, "fields": {"test_result": 58, "question": 4, "variant": 14, "is_correct": true}}, {"model": "testsuite.testresultdetail", "pk": 550, "fields": {"test_result": 58, "question": 4, "variant": 15, "is_correct": true}}, {"model": "testsuite.testresultdetail", "pk": 551, "fields": {"test_result": 59, "question": 1, "variant": 1, "is_correct": true}}, {"model": "testsuite.testresultdetail", "pk": 552, "fields": {"test_result": 59, "question": 1, "variant": 2, "is_correct": true}}, {"model": "testsuite.testresultdetail", "pk": 553, "fields": {"test_result": 59, "question": 1, "variant": 3, "is_correct": true}}, {"model": "testsuite.testresultdetail", "pk": 554, "fields": {"test_result": 59, "question": 1, "variant": 4, "is_correct": true}}, {"model": "testsuite.testresultdetail", "pk": 555, "fields": {"test_result": 59, "question": 2, "variant": 5, "is_correct": true}}, {"model": "testsuite.testresultdetail", "pk": 556, "fields": {"test_result": 59, "question": 2, "variant": 6, "is_correct": true}}, {"model": "testsuite.testresultdetail", "pk": 557, "fields": {"test_result": 59, "question": 2, "variant": 7, "is_correct": true}}, {"model": "testsuite.testresultdetail", "pk": 558, "fields": {"test_result": 59, "question": 2, "variant": 8, "is_correct": true}}, {"model": "testsuite.testresultdetail", "pk": 559, "fields": {"test_result": 59, "question": 3, "variant": 9, "is_correct": true}}, {"model": "testsuite.testresultdetail", "pk": 560, "fields": {"test_result": 59, "question": 3, "variant": 10, "is_correct": false}}, {"model": "testsuite.testresultdetail", "pk": 561, "fields": {"test_result": 59, "question": 3, "variant": 11, "is_correct": false}}, {"model": "testsuite.testresultdetail", "pk": 562, "fields": {"test_result": 59, "question": 4, "variant": 12, "is_correct": true}}, {"model": "testsuite.testresultdetail", "pk": 563, "fields": {"test_result": 59, "question": 4, "variant": 13, "is_correct": false}}, {"model": "testsuite.testresultdetail", "pk": 564, "fields": {"test_result": 59, "question": 4, "variant": 14, "is_correct": false}}, {"model": "testsuite.testresultdetail", "pk": 565, "fields": {"test_result": 59, "question": 4, "variant": 15, "is_correct": true}}, {"model": "testsuite.testresultdetail", "pk": 566, "fields": {"test_result": 60, "question": 1, "variant": 1, "is_correct": true}}, {"model": "testsuite.testresultdetail", "pk": 567, "fields": {"test_result": 60, "question": 1, "variant": 2, "is_correct": true}}, {"model": "testsuite.testresultdetail", "pk": 568, "fields": {"test_result": 60, "question": 1, "variant": 3, "is_correct": true}}, {"model": "testsuite.testresultdetail", "pk": 569, "fields": {"test_result": 60, "question": 1, "variant": 4, "is_correct": true}}, {"model": "testsuite.testresultdetail", "pk": 570, "fields": {"test_result": 60, "question": 2, "variant": 5, "is_correct": true}}, {"model": "testsuite.testresultdetail", "pk": 571, "fields": {"test_result": 60, "question": 2, "variant": 6, "is_correct": true}}, {"model": "testsuite.testresultdetail", "pk": 572, "fields": {"test_result": 60, "question": 2, "variant": 7, "is_correct": true}}, {"model": "testsuite.testresultdetail", "pk": 573, "fields": {"test_result": 60, "question": 2, "variant": 8, "is_correct": true}}, {"model": "testsuite.testresultdetail", "pk": 574, "fields": {"test_result": 60, "question": 3, "variant": 9, "is_correct": true}}, {"model": "testsuite.testresultdetail", "pk": 575, "fields": {"test_result": 60, "question": 3, "variant": 10, "is_correct": true}}, {"model": "testsuite.testresultdetail", "pk": 576, "fields": {"test_result": 60, "question": 3, "variant": 11, "is_correct": true}}, {"model": "testsuite.testresultdetail", "pk": 577, "fields": {"test_result": 60, "question": 4, "variant": 12, "is_correct": true}}, {"model": "testsuite.testresultdetail", "pk": 578, "fields": {"test_result": 60, "question": 4, "variant": 13, "is_correct": true}}, {"model": "testsuite.testresultdetail", "pk": 579, "fields": {"test_result": 60, "question": 4, "variant": 14, "is_correct": true}}, {"model": "testsuite.testresultdetail", "pk": 580, "fields": {"test_result": 60, "question": 4, "variant": 15, "is_correct": true}}, {"model": "testsuite.testresultdetail", "pk": 581, "fields": {"test_result": 61, "question": 1, "variant": 1, "is_correct": true}}, {"model": "testsuite.testresultdetail", "pk": 582, "fields": {"test_result": 61, "question": 1, "variant": 2, "is_correct": true}}, {"model": "testsuite.testresultdetail", "pk": 583, "fields": {"test_result": 61, "question": 1, "variant": 3, "is_correct": true}}, {"model": "testsuite.testresultdetail", "pk": 584, "fields": {"test_result": 61, "question": 1, "variant": 4, "is_correct": true}}, {"model": "testsuite.testresultdetail", "pk": 585, "fields": {"test_result": 61, "question": 2, "variant": 5, "is_correct": true}}, {"model": "testsuite.testresultdetail", "pk": 586, "fields": {"test_result": 61, "question": 2, "variant": 6, "is_correct": true}}, {"model": "testsuite.testresultdetail", "pk": 587, "fields": {"test_result": 61, "question": 2, "variant": 7, "is_correct": true}}, {"model": "testsuite.testresultdetail", "pk": 588, "fields": {"test_result": 61, "question": 2, "variant": 8, "is_correct": true}}, {"model": "testsuite.testresultdetail", "pk": 589, "fields": {"test_result": 61, "question": 3, "variant": 9, "is_correct": true}}, {"model": "testsuite.testresultdetail", "pk": 590, "fields": {"test_result": 61, "question": 3, "variant": 10, "is_correct": true}}, {"model": "testsuite.testresultdetail", "pk": 591, "fields": {"test_result": 61, "question": 3, "variant": 11, "is_correct": true}}, {"model": "testsuite.testresultdetail", "pk": 592, "fields": {"test_result": 61, "question": 4, "variant": 12, "is_correct": true}}, {"model": "testsuite.testresultdetail", "pk": 593, "fields": {"test_result": 61, "question": 4, "variant": 13, "is_correct": true}}, {"model": "testsuite.testresultdetail", "pk": 594, "fields": {"test_result": 61, "question": 4, "variant": 14, "is_correct": true}}, {"model": "testsuite.testresultdetail", "pk": 595, "fields": {"test_result": 61, "question": 4, "variant": 15, "is_correct": true}}, {"model": "user_account.user", "pk": 1, "fields": {"password": "pbkdf2_sha256$180000$MgCCahoJESuO$0/AkTzu5uqBasIJL+T6bw1o6NpF87OppenuvAly/ZrM=", "last_login": "2020-07-28T17:37:04.785Z", "is_superuser": true, "username": "admin", "first_name": "", "last_name": "", "email": "yuraskakun1@gmail.com", "is_staff": true, "is_active": true, "date_joined": "2020-06-23T17:41:45.693Z", "image": "pics/photo_2019-11-18_08-05-59.jpg", "avr_score": 3, "number_tests_passed": null, "location": "", "birth_date": "2020-06-23", "groups": [], "user_permissions": []}}, {"model": "user_account.user", "pk": 2, "fields": {"password": "pbkdf2_sha256$180000$ys7LeuuK4PSQ$i9TsDQ2wiSWIHjxcJLRZCbPlHyR3cxTxYwDc+Pr43Ug=", "last_login": "2020-07-30T11:00:16.913Z", "is_superuser": false, "username": "OstapSk", "first_name": "Ostap", "last_name": "Skakun", "email": "ostap@ukr.net", "is_staff": false, "is_active": true, "date_joined": "2020-06-23T17:44:08Z", "image": "pics/default.jpg", "avr_score": 3, "number_tests_passed": null, "location": "", "birth_date": "2000-03-20", "groups": [], "user_permissions": []}}, {"model": "testsuite.testresult", "pk": 37, "fields": {"user": 1, "test": 1, "datetime_run": "2020-07-01T10:26:06.659Z", "is_completed": true, "is_new": false, "avr_score": "4.00"}}, {"model": "testsuite.testresult", "pk": 38, "fields": {"user": 1, "test": 1, "datetime_run": "2020-07-01T10:33:19.623Z", "is_completed": true, "is_new": false, "avr_score": "3.50"}}, {"model": "testsuite.testresult", "pk": 39, "fields": {"user": 1, "test": 1, "datetime_run": "2020-07-01T11:40:23.639Z", "is_completed": true, "is_new": false, "avr_score": "4.00"}}, {"model": "testsuite.testresult", "pk": 40, "fields": {"user": 2, "test": 1, "datetime_run": "2020-07-01T11:44:33.787Z", "is_completed": true, "is_new": false, "avr_score": "2.83"}}, {"model": "testsuite.testresult", "pk": 41, "fields": {"user": 2, "test": 1, "datetime_run": "2020-07-01T12:04:08.490Z", "is_completed": true, "is_new": false, "avr_score": "4.00"}}, {"model": "testsuite.testresult", "pk": 42, "fields": {"user": 1, "test": 1, "datetime_run": "2020-07-05T19:51:52.453Z", "is_completed": true, "is_new": false, "avr_score": "3.50"}}, {"model": "testsuite.testresult", "pk": 43, "fields": {"user": 1, "test": 1, "datetime_run": "2020-07-06T08:26:20.285Z", "is_completed": true, "is_new": false, "avr_score": "4.00"}}, {"model": "testsuite.testresult", "pk": 44, "fields": {"user": 1, "test": 1, "datetime_run": "2020-07-06T09:09:31.180Z", "is_completed": true, "is_new": false, "avr_score": "3.33"}}, {"model": "testsuite.testresult", "pk": 45, "fields": {"user": 1, "test": 1, "datetime_run": "2020-07-06T09:14:58.412Z", "is_completed": true, "is_new": false, "avr_score": "3.33"}}, {"model": "testsuite.testresult", "pk": 46, "fields": {"user": 2, "test": 1, "datetime_run": "2020-07-06T09:34:28.882Z", "is_completed": true, "is_new": false, "avr_score": "3.00"}}, {"model": "testsuite.testresult", "pk": 47, "fields": {"user": 2, "test": 1, "datetime_run": "2020-07-06T11:30:27.130Z", "is_completed": true, "is_new": false, "avr_score": "3.50"}}, {"model": "testsuite.testresult", "pk": 48, "fields": {"user": 2, "test": 1, "datetime_run": "2020-07-06T11:51:39.170Z", "is_completed": true, "is_new": false, "avr_score": "4.00"}}, {"model": "testsuite.testresult", "pk": 49, "fields": {"user": 1, "test": 1, "datetime_run": "2020-07-06T12:19:32.948Z", "is_completed": true, "is_new": false, "avr_score": "3.50"}}, {"model": "testsuite.testresult", "pk": 50, "fields": {"user": 1, "test": 1, "datetime_run": "2020-07-07T14:21:59.814Z", "is_completed": true, "is_new": false, "avr_score": "4.00"}}, {"model": "testsuite.testresult", "pk": 51, "fields": {"user": 1, "test": 1, "datetime_run": "2020-07-10T06:56:45.144Z", "is_completed": true, "is_new": false, "avr_score": "4.00"}}, {"model": "testsuite.testresult", "pk": 52, "fields": {"user": 1, "test": 1, "datetime_run": "2020-07-10T07:02:20.869Z", "is_completed": true, "is_new": false, "avr_score": "4.00"}}, {"model": "testsuite.testresult", "pk": 53, "fields": {"user": 1, "test": 1, "datetime_run": "2020-07-10T07:34:55.900Z", "is_completed": true, "is_new": false, "avr_score": "4.00"}}, {"model": "testsuite.testresult", "pk": 54, "fields": {"user": 1, "test": 1, "datetime_run": "2020-07-10T12:58:13.027Z", "is_completed": true, "is_new": false, "avr_score": "4.00"}}, {"model": "testsuite.testresult", "pk": 55, "fields": {"user": 2, "test": 1, "datetime_run": "2020-07-10T14:15:47.145Z", "is_completed": true, "is_new": false, "avr_score": "4.00"}}, {"model": "testsuite.testresult", "pk": 56, "fields": {"user": 1, "test": 1, "datetime_run": "2020-07-10T20:39:15.228Z", "is_completed": true, "is_new": false, "avr_score": "4.00"}}, {"model": "testsuite.testresult", "pk": 57, "fields": {"user": 1, "test": 1, "datetime_run": "2020-07-12T16:50:04.901Z", "is_completed": true, "is_new": false, "avr_score": "4.00"}}, {"model": "testsuite.testresult", "pk": 58, "fields": {"user": 1, "test": 1, "datetime_run": "2020-07-12T18:57:56.364Z", "is_completed": true, "is_new": false, "avr_score": "4.00"}}, {"model": "testsuite.testresult", "pk": 59, "fields": {"user": 1, "test": 1, "datetime_run": "2020-07-12T19:05:03.639Z", "is_completed": true, "is_new": false, "avr_score": "2.83"}}, {"model": "testsuite.testresult", "pk": 60, "fields": {"user": 1, "test": 1, "datetime_run": "2020-07-26T10:07:22.474Z", "is_completed": true, "is_new": false, "avr_score": "4.00"}}, {"model": "testsuite.testresult", "pk": 61, "fields": {"user": 1, "test": 1, "datetime_run": "2020-07-28T17:38:23.347Z", "is_completed": true, "is_new": false, "avr_score": "4.00"}}]